customer_id,customer_name,email,loyalty_points
1,Charles Contreras,charlescontreras@outlook.com,351
2,Jackie Mcgee,jackiemcgee@hotmail.com,943
3,Derrick Bell,derrickbell@hotmail.com,853
4,David Parker,davidparker@outlook.com,628
5,Angela Johnson MD,angelajohnsonmd@gmail.com,626
6,Walter Griffin,waltergriffin@outlook.com,967
7,Linda Dillon,lindadillon@hotmail.com,502
8,Andrea Williams,andreawilliams@outlook.com,296
9,Barbara Fleming,barbarafleming@outlook.com,916
10,Thomas Hernandez,thomashernandez@hotmail.com,282
11,Brittany Rocha,brittanyrocha@hotmail.com,227
12,Lisa Reeves,lisareeves@hotmail.com,619
13,Leonard Singh,leonardsingh@outlook.com,246
14,Melissa Evans,melissaevans@gmail.com,522
15,Lindsay Johnson,lindsayjohnson@outlook.com,197
16,Teresa Rodriguez,teresarodriguez@gmail.com,38
17,Rick Sanders,ricksanders@hotmail.com,201
18,Kayla Martin,kaylamartin@gmail.com,813
19,Adrian Wilson,adrianwilson@hotmail.com,107
20,Adam Wilson,adamwilson@yahoo.com,520
21,Randy Randall,randyrandall@hotmail.com,749
22,Matthew Rice,matthewrice@gmail.com,236
23,Janet Castillo,,262
24,Jennifer Kelley,jenniferkelley@hotmail.com,404
25,Heather Cruz,heathercruz@outlook.com,405
26,Claire Serrano,claireserrano@outlook.com,904
27,Jared Collins,,713
28,Danielle Buck,daniellebuck@gmail.com,106
29,Richard Ferguson,richardferguson@gmail.com,351
30,Andrew Dunn,andrewdunn@outlook.com,612
31,Jamie Moore,jamiemoore@outlook.com,194
32,Amber Ray,amberray@gmail.com,888
33,Jenny Sweeney,jennysweeney@hotmail.com,270
34,Sara Hall,sarahall@outlook.com,905
35,Teresa Singleton,teresasingleton@hotmail.com,326
36,Karen West,karenwest@yahoo.com,103
37,Gregory Torres,gregorytorres@yahoo.com,574
38,Elizabeth Kim,elizabethkim@hotmail.com,284
39,Michael Zavala,michaelzavala@hotmail.com,755
40,Michael Burton,michaelburton@outlook.com,292
41,Brian Sandoval,briansandoval@outlook.com,103
42,Erik Butler,erikbutler@outlook.com,279
43,Kenneth Moody,kennethmoody@outlook.com,166
44,Joe Brown,joebrown@yahoo.com,977
45,Ellen Parker,ellenparker@yahoo.com,681
46,Robert Nelson,robertnelson@outlook.com,632
47,Richard Williams,,880
48,Ashley Simpson,ashleysimpson@yahoo.com,142
49,Brandon Gates,brandongates@hotmail.com,473
50,Miss Lindsay Green,misslindsaygreen@yahoo.com,688
51,Mrs. Amy Henson,,740
52,Max Lara,maxlara@hotmail.com,902
53,Amanda Adams,amandaadams@yahoo.com,28
54,Christine Burton,christineburton@gmail.com,137
55,Drew Mooney,drewmooney@yahoo.com,662
56,Megan Kelly,megankelly@outlook.com,288
57,Oscar Ortega,oscarortega@yahoo.com,344
58,Kevin Middleton,kevinmiddleton@outlook.com,585
59,Jacqueline Andrews,jacquelineandrews@yahoo.com,290
60,Patricia Merritt,patriciamerritt@yahoo.com,777
61,Kimberly Roberts,kimberlyroberts@outlook.com,868
62,Ashley Fisher,ashleyfisher@gmail.com,323
63,Ashley Graham,ashleygraham@hotmail.com,128
64,Timothy Davis,timothydavis@hotmail.com,236
65,Jamie Clark,jamieclark@outlook.com,609
66,Bruce Keller,brucekeller@hotmail.com,153
67,Taylor Brown,taylorbrown@gmail.com,399
68,Robert Golden,robertgolden@yahoo.com,558
69,Joy Sanford,joysanford@outlook.com,849
70,Zachary Payne,zacharypayne@outlook.com,799
71,Matthew Jones,matthewjones@yahoo.com,237
72,Brandy Perez,brandyperez@yahoo.com,388
73,Misty Fritz,mistyfritz@hotmail.com,692
74,Nathan Haley,,907
75,Brooke Good,brookegood@gmail.com,511
76,Christopher Perez,christopherperez@outlook.com,923
77,Tammy Acevedo,tammyacevedo@gmail.com,425
78,David Porter,davidporter@gmail.com,541
79,Nicholas Moore,nicholasmoore@hotmail.com,940
80,Kim Nguyen,kimnguyen@hotmail.com,421
81,Angela Castaneda,angelacastaneda@outlook.com,230
82,Omar Ward,omarward@yahoo.com,159
83,Sara Gonzalez,saragonzalez@gmail.com,780
84,Christine Miller,christinemiller@outlook.com,426
85,Lori White,loriwhite@hotmail.com,24
86,Steven Herman,stevenherman@outlook.com,934
87,Juan Ortega,juanortega@yahoo.com,40
88,Michael Rogers,michaelrogers@gmail.com,128
89,Shawn Price,shawnprice@hotmail.com,414
90,Christopher Schneider,christopherschneider@outlook.com,960
91,Katherine Oneill,katherineoneill@hotmail.com,853
92,Sharon Yoder,sharonyoder@hotmail.com,652
93,Gregory Cunningham,gregorycunningham@outlook.com,401
94,Donna Thomas,,919
95,Jean West,jeanwest@gmail.com,411
96,Philip Torres,philiptorres@gmail.com,795
97,Kevin Sweeney,kevinsweeney@gmail.com,738
98,Jean Riggs,jeanriggs@hotmail.com,712
99,Gene Johnson,genejohnson@hotmail.com,602
100,Ryan Gordon,ryangordon@gmail.com,56
101,Connor Simpson,connorsimpson@yahoo.com,151
102,Andrew Knapp,andrewknapp@yahoo.com,201
103,Grace Mitchell,gracemitchell@outlook.com,388
104,Christopher Hahn,christopherhahn@yahoo.com,609
105,Paula Martinez,paulamartinez@gmail.com,363
106,Meredith Jones,meredithjones@yahoo.com,527
107,Renee Rodriguez,reneerodriguez@hotmail.com,566
108,Emily Nelson,emilynelson@yahoo.com,494
109,Blake Roth,blakeroth@outlook.com,384
110,Barbara Smith,barbarasmith@hotmail.com,634
111,Gail Becker,gailbecker@outlook.com,863
112,James Walsh,jameswalsh@outlook.com,452
113,Jamie Wilkinson,jamiewilkinson@gmail.com,966
114,Jerome Buck,jeromebuck@gmail.com,430
115,Fernando Burke,fernandoburke@outlook.com,331
116,Tara Cox,,155
117,Yolanda Barrera,yolandabarrera@gmail.com,278
118,Jeffrey Ryan,jeffreyryan@gmail.com,45
119,Alicia Jacobs,aliciajacobs@yahoo.com,200
120,Vincent Wood,vincentwood@gmail.com,114
121,Marcus Montes,marcusmontes@yahoo.com,578
122,Lisa Cannon,lisacannon@hotmail.com,940
123,Stephen Smith,stephensmith@gmail.com,436
124,Alex Hall,alexhall@outlook.com,652
125,Brenda Rodriguez,brendarodriguez@yahoo.com,364
126,Jay Kelley,jaykelley@hotmail.com,712
127,Morgan Mcdonald,morganmcdonald@hotmail.com,653
128,Sharon Carter,sharoncarter@yahoo.com,114
129,Isaac Gill,isaacgill@hotmail.com,606
130,Nicole Mcmillan,nicolemcmillan@gmail.com,171
131,David Townsend,davidtownsend@gmail.com,391
132,Stephen Daniel,,338
133,Kelly Vaughn,kellyvaughn@hotmail.com,620
134,Russell Carpenter,russellcarpenter@gmail.com,304
135,Tracy Miller,tracymiller@outlook.com,169
136,Paul Henderson,paulhenderson@yahoo.com,754
137,Christian Jones,christianjones@hotmail.com,880
138,Kyle Baker,kylebaker@outlook.com,524
139,David Carroll,davidcarroll@hotmail.com,610
140,Sandra Harrison,sandraharrison@yahoo.com,268
141,Danielle Lopez,daniellelopez@hotmail.com,328
142,Jeffery Russell,jefferyrussell@outlook.com,88
143,Kim Rodriguez,kimrodriguez@hotmail.com,642
144,Dave Middleton,davemiddleton@gmail.com,777
145,Sherri Booth,sherribooth@hotmail.com,935
146,Robert Riley,robertriley@hotmail.com,872
147,Karen Johnson,karenjohnson@gmail.com,818
148,Jean Nielsen,jeannielsen@outlook.com,833
149,Kimberly Donaldson,kimberlydonaldson@yahoo.com,382
150,Omar Blanchard,omarblanchard@gmail.com,404
151,Erik Schmidt,erikschmidt@gmail.com,239
152,Rachel Allison,rachelallison@outlook.com,743
153,Kimberly Perez,kimberlyperez@hotmail.com,27
154,Donald Lewis,,945
155,Lisa Mack,lisamack@yahoo.com,796
156,Dr. Mary Moore MD,dr.marymooremd@hotmail.com,655
157,Christina Parker DDS,christinaparkerdds@outlook.com,125
158,Laura Underwood,lauraunderwood@hotmail.com,382
159,Shannon Rodriguez,shannonrodriguez@outlook.com,469
160,Holly Martinez,hollymartinez@hotmail.com,846
161,Lorraine Price,lorraineprice@yahoo.com,990
162,Hunter Davis,hunterdavis@hotmail.com,937
163,Bryce Rivera,brycerivera@outlook.com,272
164,Jonathan Mcclain,jonathanmcclain@outlook.com,460
165,Lacey Thomas,laceythomas@yahoo.com,590
166,Theresa Turner,theresaturner@outlook.com,421
167,Paul Carpenter,paulcarpenter@yahoo.com,865
168,Joe Mcclain,joemcclain@gmail.com,144
169,Scott Reynolds,scottreynolds@yahoo.com,860
170,Susan Gomez,susangomez@gmail.com,548
171,Toni Taylor,tonitaylor@gmail.com,796
172,Brandon Moore,brandonmoore@hotmail.com,135
173,Eric Mccullough,ericmccullough@hotmail.com,27
174,Casey Thomas,caseythomas@outlook.com,929
175,Vincent Sloan,vincentsloan@hotmail.com,734
176,Dr. Jackson Gates,dr.jacksongates@hotmail.com,380
177,Brandon Clark,brandonclark@gmail.com,814
178,Kimberly Carrillo,kimberlycarrillo@yahoo.com,782
179,Samantha Walsh,samanthawalsh@hotmail.com,191
180,Amanda Harvey,amandaharvey@hotmail.com,690
181,Kent Hanson,kenthanson@gmail.com,496
182,Caroline Johnson,carolinejohnson@yahoo.com,169
183,Anthony Key,anthonykey@yahoo.com,545
184,Kathryn Stevens,kathrynstevens@hotmail.com,820
185,Sergio Rodriguez,sergiorodriguez@yahoo.com,432
186,Lee Walker,leewalker@outlook.com,550
187,Thomas Koch,thomaskoch@outlook.com,665
188,Timothy Walls,timothywalls@gmail.com,615
189,Jill Harris,jillharris@outlook.com,513
190,William Simmons,williamsimmons@hotmail.com,892
191,Scott Weaver,scottweaver@hotmail.com,603
192,Jeremy Davis,jeremydavis@outlook.com,176
193,Elizabeth Walker,elizabethwalker@hotmail.com,161
194,Benjamin Kelley,benjaminkelley@hotmail.com,394
195,Travis Campbell,traviscampbell@outlook.com,695
196,Kristi Warren,kristiwarren@yahoo.com,387
197,Elizabeth Barrett,elizabethbarrett@hotmail.com,895
198,Jeremy Good,jeremygood@hotmail.com,523
199,Arthur Guzman,arthurguzman@gmail.com,866
200,Nicole Cooley,nicolecooley@yahoo.com,423
201,Gabriel Gutierrez,gabrielgutierrez@hotmail.com,829
202,Robert Tran,roberttran@outlook.com,531
203,Dawn Nelson,dawnnelson@yahoo.com,831
204,John Hoover,johnhoover@outlook.com,506
205,Carla Andrade,carlaandrade@hotmail.com,619
206,Elizabeth Walker,elizabethwalker@gmail.com,162
207,Alejandro Robinson,alejandrorobinson@yahoo.com,409
208,John Valenzuela,johnvalenzuela@gmail.com,287
209,Kathryn Joseph,kathrynjoseph@yahoo.com,161
210,Christina Anderson,christinaanderson@gmail.com,668
211,Lori Fox,lorifox@gmail.com,864
212,Victoria Jones,victoriajones@outlook.com,318
213,Kevin Poole,kevinpoole@yahoo.com,861
214,Emily Fields,emilyfields@gmail.com,977
215,Timothy Mckenzie,,974
216,Steven Smith,stevensmith@gmail.com,80
217,Nicholas Waters,nicholaswaters@outlook.com,807
218,Eric Davidson,ericdavidson@yahoo.com,641
219,Derek Thomas,derekthomas@yahoo.com,132
220,Clifford Richardson,cliffordrichardson@gmail.com,902
221,Victor Berger,victorberger@yahoo.com,977
222,Kathleen Brown,kathleenbrown@yahoo.com,705
223,Jodi Monroe,,975
224,Yolanda Smith,yolandasmith@outlook.com,667
225,Rebecca Smith,rebeccasmith@yahoo.com,758
226,Casey Schultz,caseyschultz@hotmail.com,722
227,Felicia Hendricks,feliciahendricks@hotmail.com,207
228,Ronald Mcintyre,ronaldmcintyre@gmail.com,953
229,Regina Nguyen,reginanguyen@gmail.com,567
230,Michael Johnson,michaeljohnson@outlook.com,850
231,Travis Kelly,traviskelly@outlook.com,308
232,Emily Jones,emilyjones@hotmail.com,751
233,Douglas Murphy,douglasmurphy@yahoo.com,404
234,Paige Aguilar,paigeaguilar@hotmail.com,624
235,Bianca Carpenter,biancacarpenter@outlook.com,695
236,Brandon Adams,brandonadams@gmail.com,526
237,Elizabeth Williams,elizabethwilliams@hotmail.com,245
238,Denise Walker,denisewalker@hotmail.com,368
239,Mark Williams,markwilliams@outlook.com,695
240,Nicole Baird,nicolebaird@yahoo.com,771
241,Bonnie Garza,bonniegarza@yahoo.com,642
242,James Perez,jamesperez@hotmail.com,549
243,Paul Rios,paulrios@outlook.com,456
244,Emily Hammond,emilyhammond@gmail.com,233
245,Wesley Martin,wesleymartin@gmail.com,287
246,James Rivera,jamesrivera@hotmail.com,403
247,Colleen Blackwell,colleenblackwell@outlook.com,563
248,Amy Potts,amypotts@hotmail.com,116
249,Jordan Robinson DVM,jordanrobinsondvm@yahoo.com,723
250,Andrew Reyes,andrewreyes@gmail.com,723
251,Joseph Flowers,,911
252,Beth Cannon,bethcannon@outlook.com,263
253,Derrick Brown,derrickbrown@gmail.com,775
254,Mario Carter,mariocarter@hotmail.com,939
255,Andrew Morris,andrewmorris@gmail.com,366
256,Tara Benjamin,tarabenjamin@gmail.com,671
257,April Shelton,aprilshelton@outlook.com,544
258,Ryan Gardner,ryangardner@hotmail.com,165
259,Eduardo Woods,eduardowoods@gmail.com,383
260,Katrina Flores,katrinaflores@yahoo.com,159
261,Kari Colon,karicolon@yahoo.com,46
262,Tiffany Bishop,tiffanybishop@gmail.com,348
263,Julie Shea,julieshea@gmail.com,968
264,Justin Williamson,justinwilliamson@yahoo.com,671
265,Katherine Nielsen,katherinenielsen@yahoo.com,167
266,Dana Bowman,danabowman@hotmail.com,113
267,Debra Williams,debrawilliams@hotmail.com,520
268,Sheila Vang,sheilavang@outlook.com,979
269,Frank Collins,frankcollins@hotmail.com,273
270,Nancy Shaw,nancyshaw@yahoo.com,556
271,Tammy Woods,tammywoods@hotmail.com,320
272,Christina Stone,christinastone@yahoo.com,348
273,Bryan Walker,bryanwalker@yahoo.com,489
274,Donna Bell,donnabell@outlook.com,168
275,Jeremiah Barry,jeremiahbarry@yahoo.com,716
276,Benjamin Brown,benjaminbrown@hotmail.com,547
277,Marcia Riley,marciariley@hotmail.com,450
278,Erin Olson,,776
279,Jessica Trujillo,jessicatrujillo@hotmail.com,443
280,Lisa Villa,lisavilla@outlook.com,779
281,Crystal Collins,crystalcollins@hotmail.com,432
282,Joseph French,josephfrench@hotmail.com,411
283,Ruth Moore,ruthmoore@outlook.com,405
284,Theresa Brewer,theresabrewer@outlook.com,541
285,Sandra Wells,sandrawells@gmail.com,766
286,Paul Johnson,pauljohnson@yahoo.com,25
287,Danielle Robles,,25
288,Daniel Nichols,danielnichols@hotmail.com,715
289,David Solomon,davidsolomon@yahoo.com,814
290,Heather Escobar,heatherescobar@hotmail.com,268
291,Robert Cooper,robertcooper@yahoo.com,216
292,Jennifer Velez,jennifervelez@yahoo.com,162
293,Matthew Rose,matthewrose@yahoo.com,682
294,Roger Russo,rogerrusso@outlook.com,304
295,Mary Morrow,marymorrow@yahoo.com,44
296,Brittany Kim,brittanykim@yahoo.com,804
297,David West,davidwest@gmail.com,88
298,Patricia Ray,,587
299,Sandra Crosby,sandracrosby@yahoo.com,781
300,Megan Todd,,966
301,Brian Mora,brianmora@hotmail.com,56
302,Ian Ross,ianross@outlook.com,15
303,Kayla Henderson,kaylahenderson@gmail.com,394
304,Debra Taylor,debrataylor@gmail.com,667
305,Dr. Alicia Jackson,,547
306,Christopher Sherman,christophersherman@gmail.com,72
307,Pamela Patton,pamelapatton@hotmail.com,104
308,Joshua Mills,joshuamills@outlook.com,890
309,Andrea Sanford,andreasanford@gmail.com,362
310,Gloria Bryan,gloriabryan@gmail.com,308
311,Shane Tran,shanetran@outlook.com,91
312,Antonio Ramirez,antonioramirez@gmail.com,322
313,Natalie Williams,nataliewilliams@outlook.com,130
314,Amanda Griffin,amandagriffin@outlook.com,737
315,Jason Smith,jasonsmith@yahoo.com,177
316,Stacy Adams,stacyadams@gmail.com,740
317,Nicole Rice,nicolerice@gmail.com,959
318,Noah Archer,noaharcher@hotmail.com,506
319,Jennifer Charles,jennifercharles@yahoo.com,364
320,James Allen,jamesallen@yahoo.com,452
321,Teresa Stephens,teresastephens@outlook.com,407
322,Michelle Spencer,michellespencer@hotmail.com,705
323,Dawn Copeland,,836
324,Gerald Johnston,geraldjohnston@hotmail.com,928
325,Sean Hendrix,seanhendrix@yahoo.com,703
326,Rebecca Thomas,rebeccathomas@outlook.com,653
327,Michelle Medina,michellemedina@gmail.com,897
328,Cassidy Barnes,cassidybarnes@yahoo.com,869
329,Andrew Wilson,andrewwilson@outlook.com,405
330,Joseph Ross,josephross@gmail.com,706
331,Kathryn Hill,kathrynhill@gmail.com,552
332,Nicole Murray,nicolemurray@gmail.com,694
333,Zachary Johnson,zacharyjohnson@gmail.com,73
334,Nicholas Lee,nicholaslee@outlook.com,514
335,Elizabeth Munoz,,135
336,Christopher Young,christopheryoung@hotmail.com,9
337,Heidi Blake,heidiblake@outlook.com,57
338,Jonathan Ponce,jonathanponce@hotmail.com,593
339,Robert Huynh,roberthuynh@gmail.com,543
340,Shirley Lewis,shirleylewis@yahoo.com,386
341,Kimberly Woods,kimberlywoods@outlook.com,568
342,Rhonda Lee,rhondalee@gmail.com,4
343,Danny Simon,dannysimon@hotmail.com,898
344,Gilbert Anderson,gilbertanderson@hotmail.com,226
345,Carmen Perry,carmenperry@outlook.com,849
346,Adam Avila,adamavila@gmail.com,84
347,Alexis Miller,alexismiller@hotmail.com,752
348,Trevor Martinez,trevormartinez@outlook.com,417
349,Andrew Wilkins,andrewwilkins@gmail.com,166
350,Kayla Wilkerson,kaylawilkerson@hotmail.com,888
351,Jonathan Waller,jonathanwaller@hotmail.com,708
352,Cheryl Jones,cheryljones@hotmail.com,429
353,Philip Walls,philipwalls@yahoo.com,524
354,Corey Kennedy,,275
355,Jill Torres,jilltorres@yahoo.com,441
356,Kevin Chambers,kevinchambers@hotmail.com,916
357,Timothy Baird,timothybaird@outlook.com,977
358,Kayla Castro,kaylacastro@yahoo.com,352
359,Chelsea Zimmerman,chelseazimmerman@outlook.com,814
360,Tracey Lopez,traceylopez@hotmail.com,934
361,Katherine Cooke,katherinecooke@yahoo.com,897
362,Tara Gates,taragates@outlook.com,692
363,Emily Fletcher,emilyfletcher@yahoo.com,92
364,Dawn Tran,dawntran@hotmail.com,5
365,Kimberly Stone,kimberlystone@yahoo.com,704
366,Amy Cannon,amycannon@yahoo.com,781
367,Phillip Avila,phillipavila@gmail.com,523
368,Denise Jordan,denisejordan@hotmail.com,307
369,Michael Skinner,michaelskinner@outlook.com,792
370,Pamela Oneal,pamelaoneal@outlook.com,562
371,Marcus Rodriguez,marcusrodriguez@hotmail.com,349
372,Danielle Martinez PhD,daniellemartinezphd@yahoo.com,766
373,Heather Pugh,heatherpugh@hotmail.com,889
374,Robert Lynch,robertlynch@yahoo.com,360
375,Courtney Sheppard,courtneysheppard@yahoo.com,388
376,Mark Marshall,markmarshall@outlook.com,779
377,Zachary Blair,zacharyblair@gmail.com,581
378,Richard Dougherty,richarddougherty@gmail.com,796
379,Jason Little,jasonlittle@gmail.com,373
380,Terry Fisher,terryfisher@outlook.com,425
381,Shannon Owens,shannonowens@hotmail.com,368
382,Ryan Black,,619
383,Duane Lewis,duanelewis@hotmail.com,442
384,Sherry Fisher,sherryfisher@gmail.com,384
385,Ashley Cherry,ashleycherry@hotmail.com,138
386,Emily Carroll,emilycarroll@outlook.com,331
387,Dylan Chambers,dylanchambers@outlook.com,703
388,Megan White,meganwhite@hotmail.com,281
389,Ashley Crawford,ashleycrawford@outlook.com,129
390,Emily Phillips,emilyphillips@outlook.com,207
391,Robert Anderson,robertanderson@hotmail.com,559
392,Catherine Medina,catherinemedina@yahoo.com,46
393,Samuel Wiley,samuelwiley@yahoo.com,921
394,Brandi Stephens,brandistephens@gmail.com,323
395,Mark Rosario,markrosario@hotmail.com,862
396,Valerie Serrano,valerieserrano@yahoo.com,396
397,Leroy Holmes,leroyholmes@hotmail.com,925
398,Scott Jackson,scottjackson@yahoo.com,442
399,Jonathan Perry,jonathanperry@yahoo.com,406
400,Julia Bryant,juliabryant@outlook.com,632
401,Nancy Hoffman,nancyhoffman@gmail.com,697
402,Danielle Kim,daniellekim@yahoo.com,870
403,Jessica Vance,jessicavance@gmail.com,877
404,Patricia Vasquez,patriciavasquez@gmail.com,916
405,Miguel Mayo,miguelmayo@yahoo.com,835
406,Mary Edwards,maryedwards@gmail.com,184
407,Andrew Golden,andrewgolden@hotmail.com,533
408,Miranda Nichols,mirandanichols@yahoo.com,697
409,Melissa Hernandez,melissahernandez@yahoo.com,594
410,Kathy Blankenship,kathyblankenship@hotmail.com,415
411,John Jackson,johnjackson@hotmail.com,997
412,Marvin Myers,marvinmyers@gmail.com,958
413,Sheila Taylor,,919
414,Kathryn Smith,kathrynsmith@hotmail.com,499
415,Sarah Collins,sarahcollins@hotmail.com,231
416,Samantha White,samanthawhite@gmail.com,202
417,Jaime Sherman,jaimesherman@outlook.com,591
418,Sharon Ashley,sharonashley@gmail.com,995
419,Travis Brown,travisbrown@gmail.com,111
420,Jeffery Moreno,jefferymoreno@yahoo.com,223
421,Lisa Gould,lisagould@hotmail.com,595
422,David Johnson,davidjohnson@outlook.com,965
423,Brian Green,briangreen@yahoo.com,766
424,Mrs. Ashley Long MD,mrs.ashleylongmd@hotmail.com,2
425,Mark Owens,markowens@outlook.com,588
426,Mark Villanueva,markvillanueva@outlook.com,609
427,Penny Nelson,pennynelson@gmail.com,3
428,Mr. Dustin Mathis,mr.dustinmathis@yahoo.com,64
429,Patrick Campbell,patrickcampbell@outlook.com,40
430,Caitlyn Santos,caitlynsantos@gmail.com,51
431,Timothy Yoder,timothyyoder@outlook.com,801
432,Jason Solis,jasonsolis@gmail.com,49
433,Michael Hunter,michaelhunter@yahoo.com,776
434,Terri Sims,terrisims@hotmail.com,48
435,Heather White,heatherwhite@gmail.com,809
436,Maria Williamson,mariawilliamson@outlook.com,590
437,Jessica Elliott,jessicaelliott@yahoo.com,262
438,Amy Koch,amykoch@hotmail.com,693
439,Jeffrey Mack,jeffreymack@outlook.com,954
440,Kimberly Booth,kimberlybooth@outlook.com,871
441,Brian Jones,brianjones@hotmail.com,463
442,Stephanie Murray,stephaniemurray@hotmail.com,604
443,Miguel Morgan,miguelmorgan@outlook.com,913
444,James Walker,jameswalker@outlook.com,642
445,Timothy Thompson,timothythompson@hotmail.com,868
446,Thomas Smith,thomassmith@yahoo.com,798
447,Joshua Tucker,joshuatucker@yahoo.com,809
448,Jesus Durham,jesusdurham@yahoo.com,615
449,Taylor Grant,taylorgrant@yahoo.com,522
450,Jeffrey Nichols,jeffreynichols@gmail.com,334
451,Charles Stewart,charlesstewart@outlook.com,833
452,Cynthia Jacobson DVM,cynthiajacobsondvm@hotmail.com,705
453,Crystal Horne,crystalhorne@gmail.com,389
454,Brandon Salazar,brandonsalazar@outlook.com,907
455,David Velez,davidvelez@outlook.com,527
456,Peter Baxter,peterbaxter@yahoo.com,343
457,Jennifer Ruiz,jenniferruiz@outlook.com,58
458,Mackenzie Cordova,mackenziecordova@gmail.com,573
459,Douglas Stewart,,509
460,Melinda Ellison,melindaellison@outlook.com,949
461,Mr. Daniel Gonzales,mr.danielgonzales@gmail.com,496
462,Benjamin Wells,benjaminwells@outlook.com,234
463,Taylor Gonzalez,taylorgonzalez@outlook.com,820
464,Steve Martinez,stevemartinez@hotmail.com,361
465,Ronald Schmitt,ronaldschmitt@hotmail.com,393
466,Michele Johnson,,7
467,Mindy Freeman,mindyfreeman@yahoo.com,70
468,Brianna Porter,briannaporter@hotmail.com,602
469,Lisa Gonzalez,lisagonzalez@hotmail.com,81
470,Autumn Woods,autumnwoods@yahoo.com,773
471,Robin Chandler,robinchandler@outlook.com,563
472,Katherine Castro,,301
473,Shane Stephenson,shanestephenson@gmail.com,257
474,Jeffrey Porter,jeffreyporter@outlook.com,784
475,Maria Carlson,mariacarlson@hotmail.com,579
476,Robert Hill,roberthill@outlook.com,772
477,Lydia Curtis,lydiacurtis@outlook.com,769
478,Isaac Snyder,isaacsnyder@outlook.com,615
479,Wayne Jackson,waynejackson@gmail.com,740
480,Vincent Young,vincentyoung@outlook.com,740
481,Audrey Herrera,audreyherrera@yahoo.com,818
482,Mary Moyer,marymoyer@hotmail.com,28
483,Heidi Vargas,heidivargas@hotmail.com,476
484,Francis Melendez,francismelendez@outlook.com,499
485,Dr. Rachel Mendoza,dr.rachelmendoza@hotmail.com,35
486,Christopher Potts,christopherpotts@yahoo.com,284
487,Emily Cole,emilycole@gmail.com,923
488,Gloria Hernandez,gloriahernandez@gmail.com,490
489,Brian Alvarez,brianalvarez@gmail.com,138
490,Sarah Parker,sarahparker@gmail.com,679
491,Grace Santos,gracesantos@yahoo.com,386
492,Nicole Garcia,nicolegarcia@yahoo.com,698
493,Jacqueline Benson,jacquelinebenson@yahoo.com,513
494,Andrea Mason,andreamason@gmail.com,120
495,Nicholas Kramer,nicholaskramer@yahoo.com,717
496,Kevin Smith,kevinsmith@yahoo.com,27
497,Shannon Fletcher DVM,shannonfletcherdvm@outlook.com,129
498,Alan Stone,alanstone@yahoo.com,284
499,Jacqueline Lang,jacquelinelang@hotmail.com,34
500,Michael Tapia,michaeltapia@yahoo.com,503
501,Melanie Walsh,,788
502,Andrew Scott,andrewscott@yahoo.com,131
503,Stephanie Lamb,,4
504,Julia Arnold,juliaarnold@gmail.com,285
505,Patrick Berry,patrickberry@hotmail.com,595
506,Dennis Fisher,dennisfisher@yahoo.com,203
507,Karen Rubio,,781
508,Denise Chandler,,817
509,Kelly Hall,kellyhall@hotmail.com,236
510,Javier Warner,javierwarner@gmail.com,780
511,Christopher Coleman,christophercoleman@outlook.com,469
512,Lisa Williams,lisawilliams@yahoo.com,923
513,Jessica Lopez,,183
514,Ashley Shepherd,ashleyshepherd@gmail.com,613
515,Lydia Brown,lydiabrown@gmail.com,86
516,Jack Rogers,jackrogers@gmail.com,734
517,Dana Knapp,danaknapp@gmail.com,916
518,Christian Frank,christianfrank@outlook.com,637
519,Brian Garcia MD,briangarciamd@outlook.com,57
520,Mark Livingston,marklivingston@outlook.com,314
521,Rhonda Pennington,rhondapennington@yahoo.com,333
522,Joshua Castillo,joshuacastillo@outlook.com,166
523,Joshua Bowman,joshuabowman@hotmail.com,45
524,Brittany Martin,brittanymartin@outlook.com,361
525,Susan Torres,susantorres@gmail.com,266
526,Matthew Zhang,matthewzhang@outlook.com,130
527,Maurice Steele,mauricesteele@yahoo.com,389
528,Samuel Hines,samuelhines@yahoo.com,20
529,Lisa Torres,lisatorres@yahoo.com,310
530,Daniel Orr,danielorr@gmail.com,121
531,John Collins,johncollins@outlook.com,998
532,Joseph Brown,josephbrown@yahoo.com,505
533,Christopher Hicks,christopherhicks@outlook.com,414
534,Katie Escobar,katieescobar@hotmail.com,685
535,Nicole Hudson,nicolehudson@hotmail.com,476
536,Sara Sherman,sarasherman@yahoo.com,307
537,Joseph Schmidt,josephschmidt@hotmail.com,639
538,Robert Cooper PhD,robertcooperphd@gmail.com,624
539,Amy Rodriguez,amyrodriguez@gmail.com,769
540,Theresa Hayes,theresahayes@hotmail.com,398
541,Jacob Cobb,jacobcobb@outlook.com,462
542,Monica Edwards,monicaedwards@yahoo.com,339
543,Erik Richardson,erikrichardson@hotmail.com,57
544,David Rodriguez,davidrodriguez@gmail.com,587
545,Patrick Coleman,patrickcoleman@outlook.com,164
546,Karen Rosales,karenrosales@hotmail.com,510
547,Maria Thompson,mariathompson@gmail.com,131
548,Dana Arias,danaarias@outlook.com,706
549,Joseph White,josephwhite@yahoo.com,607
550,Yolanda Schneider,yolandaschneider@outlook.com,93
551,Abigail Welch,abigailwelch@gmail.com,874
552,Amy Gonzalez,amygonzalez@outlook.com,916
553,Christine Kennedy,christinekennedy@gmail.com,131
554,Nathaniel Brown,nathanielbrown@outlook.com,859
555,Teresa Jones,teresajones@gmail.com,522
556,Angela Martinez,angelamartinez@gmail.com,963
557,Keith Charles,keithcharles@hotmail.com,313
558,Carl Smith,carlsmith@yahoo.com,19
559,Helen Carter,helencarter@gmail.com,845
560,Jennifer Waters,jenniferwaters@hotmail.com,31
561,Ashley Rodriguez,ashleyrodriguez@outlook.com,679
562,Don Levy,donlevy@hotmail.com,778
563,Mrs. Alicia Morgan,mrs.aliciamorgan@yahoo.com,925
564,James Ingram,jamesingram@yahoo.com,692
565,Shannon Stokes,shannonstokes@yahoo.com,107
566,Samantha Adams,samanthaadams@gmail.com,74
567,Margaret Johnson,margaretjohnson@gmail.com,457
568,Elizabeth Bradley,elizabethbradley@yahoo.com,745
569,Anthony Robertson,anthonyrobertson@gmail.com,897
570,Renee Santiago,reneesantiago@hotmail.com,306
571,Gabriela Gibson,gabrielagibson@yahoo.com,376
572,Darius Sandoval,dariussandoval@outlook.com,702
573,Jeffrey Reese,jeffreyreese@gmail.com,10
574,Kimberly Anderson,kimberlyanderson@hotmail.com,533
575,Nicole Walker,nicolewalker@yahoo.com,457
576,Christopher Hall,christopherhall@outlook.com,725
577,Kayla Johnson,kaylajohnson@gmail.com,232
578,Alicia Marquez,aliciamarquez@yahoo.com,443
579,Jeffrey Martin,jeffreymartin@hotmail.com,742
580,Jessica Mcguire,jessicamcguire@gmail.com,20
581,Matthew Mendoza,,756
582,George Macdonald,,45
583,John Brown,johnbrown@gmail.com,260
584,Heather Shea,heathershea@outlook.com,937
585,Lisa Allison,lisaallison@yahoo.com,991
586,Mark Hernandez,markhernandez@outlook.com,964
587,Karen Richard,karenrichard@gmail.com,71
588,Russell Gonzalez,russellgonzalez@hotmail.com,876
589,Sarah Stark,sarahstark@outlook.com,237
590,Leslie King,leslieking@gmail.com,195
591,Paul Valenzuela,paulvalenzuela@outlook.com,854
592,Donald Morales,donaldmorales@outlook.com,933
593,Mrs. Tammy Flores,mrs.tammyflores@outlook.com,526
594,Virginia Oconnor,virginiaoconnor@hotmail.com,655
595,Nicholas Hernandez,nicholashernandez@outlook.com,401
596,David Haynes,davidhaynes@hotmail.com,240
597,Thomas Green,thomasgreen@yahoo.com,241
598,Thomas Roberts,thomasroberts@gmail.com,16
599,Kevin Atkins,kevinatkins@yahoo.com,687
600,Christine Ware,christineware@outlook.com,658
601,Michael Parker,michaelparker@gmail.com,485
602,Carol Taylor,caroltaylor@gmail.com,228
603,Thomas Smith,thomassmith@yahoo.com,898
604,Joseph Nguyen,josephnguyen@gmail.com,53
605,Melissa Sutton,melissasutton@hotmail.com,244
606,Michael Henderson,michaelhenderson@outlook.com,99
607,Lee Chavez,leechavez@yahoo.com,831
608,Jason Jones,jasonjones@gmail.com,516
609,Joshua Raymond,,869
610,Sara Jordan,sarajordan@yahoo.com,425
611,Jaime Norris,jaimenorris@yahoo.com,517
612,Brandon Taylor,brandontaylor@outlook.com,767
613,Diane Heath,,45
614,Heather Gordon,heathergordon@hotmail.com,910
615,Patrick Thomas,patrickthomas@yahoo.com,156
616,Dale Reed,dalereed@yahoo.com,905
617,Craig Boyd,craigboyd@yahoo.com,27
618,Wyatt West,wyattwest@hotmail.com,646
619,Patrick Hall,patrickhall@yahoo.com,911
620,Lisa Warner,lisawarner@gmail.com,90
621,Patricia Wells,patriciawells@outlook.com,574
622,Charles Levine,charleslevine@gmail.com,567
623,Dylan Miller,dylanmiller@yahoo.com,868
624,Joanna Aguirre,joannaaguirre@hotmail.com,484
625,Charles Brown,charlesbrown@hotmail.com,711
626,Mark Perry,markperry@outlook.com,146
627,Michael Young,michaelyoung@yahoo.com,104
628,Penny Adams,pennyadams@yahoo.com,625
629,Rachael Griffith,rachaelgriffith@yahoo.com,566
630,Kevin Mitchell,kevinmitchell@hotmail.com,333
631,Terrence Hill,,201
632,Shawn Combs,shawncombs@gmail.com,670
633,Derrick Robinson,derrickrobinson@hotmail.com,224
634,Jenna Padilla,jennapadilla@outlook.com,51
635,Leslie Sanchez,lesliesanchez@yahoo.com,206
636,Keith Smith,keithsmith@outlook.com,640
637,Natasha Wilkinson,natashawilkinson@hotmail.com,276
638,Andrea Williams,andreawilliams@hotmail.com,672
639,Tiffany Ewing,tiffanyewing@yahoo.com,315
640,Michael Turner,michaelturner@yahoo.com,33
641,Erica West,ericawest@gmail.com,279
642,Laura Warren,laurawarren@gmail.com,726
643,Autumn Schroeder,autumnschroeder@outlook.com,410
644,Nicholas Brooks,nicholasbrooks@yahoo.com,508
645,Vanessa Thomas,vanessathomas@gmail.com,889
646,Kurt Carter,kurtcarter@hotmail.com,910
647,Dylan Webb,dylanwebb@yahoo.com,218
648,Jeff Anderson,jeffanderson@gmail.com,760
649,Ryan Harris,ryanharris@hotmail.com,320
650,Corey Macias,coreymacias@outlook.com,653
651,Stephanie Hunt,stephaniehunt@gmail.com,69
652,Patrick Gonzalez,patrickgonzalez@outlook.com,654
653,Juan Hill,juanhill@yahoo.com,881
654,James Ramos,jamesramos@gmail.com,704
655,Kathryn Howard,kathrynhoward@outlook.com,874
656,Emily Frost,emilyfrost@outlook.com,720
657,Mr. Daniel Howard,mr.danielhoward@hotmail.com,378
658,Gregory Thomas,gregorythomas@outlook.com,448
659,Jeremy Nguyen,jeremynguyen@yahoo.com,368
660,Christopher Durham,christopherdurham@gmail.com,806
661,William Andrews,williamandrews@outlook.com,18
662,Stephanie Scott,stephaniescott@outlook.com,384
663,Molly Lopez,mollylopez@hotmail.com,343
664,Spencer Robinson,spencerrobinson@yahoo.com,410
665,Crystal Miller,crystalmiller@yahoo.com,411
666,Michael Armstrong,michaelarmstrong@outlook.com,671
667,Andrea Mueller,andreamueller@gmail.com,352
668,Lauren Evans,laurenevans@yahoo.com,865
669,Henry Gross,henrygross@gmail.com,908
670,Gary Matthews,garymatthews@yahoo.com,172
671,Diana Harmon,,964
672,Alicia Cain,aliciacain@gmail.com,954
673,Ronald Green,ronaldgreen@gmail.com,167
674,Susan Brown,susanbrown@gmail.com,276
675,Diana Gibbs,dianagibbs@outlook.com,853
676,Lisa Hunter,lisahunter@hotmail.com,48
677,Stephanie Pearson,stephaniepearson@yahoo.com,137
678,Katherine Pierce,katherinepierce@outlook.com,993
679,Teresa Gamble,teresagamble@yahoo.com,549
680,Taylor Garcia,taylorgarcia@hotmail.com,309
681,Jillian Hernandez,jillianhernandez@gmail.com,696
682,Denise Bailey,denisebailey@hotmail.com,577
683,Andrew Myers,andrewmyers@gmail.com,39
684,Michael Miller,michaelmiller@gmail.com,892
685,Brenda Herman,brendaherman@hotmail.com,215
686,Jennifer Roach,jenniferroach@outlook.com,125
687,Melissa Cunningham,melissacunningham@outlook.com,39
688,Keith Blair,keithblair@gmail.com,694
689,Sarah Khan,sarahkhan@gmail.com,400
690,Christopher Houston,christopherhouston@hotmail.com,888
691,Renee Stout,reneestout@outlook.com,171
692,Laura Welch,laurawelch@yahoo.com,221
693,Antonio Murphy,antoniomurphy@hotmail.com,544
694,Amber Rivera,amberrivera@outlook.com,701
695,Janet Cooper,janetcooper@yahoo.com,215
696,Alexander Ray,alexanderray@yahoo.com,796
697,Terry Gregory,terrygregory@hotmail.com,184
698,Angela Gonzalez,angelagonzalez@hotmail.com,869
699,Justin Frederick,justinfrederick@hotmail.com,997
700,Michael Kelly,michaelkelly@gmail.com,438
701,Victoria Cobb,victoriacobb@hotmail.com,639
702,Katherine Clark MD,katherineclarkmd@hotmail.com,863
703,Frank Walker,frankwalker@outlook.com,269
704,Danielle Williams,daniellewilliams@gmail.com,881
705,Samantha Green,samanthagreen@outlook.com,889
706,Benjamin Porter,benjaminporter@outlook.com,427
707,Sharon Small,sharonsmall@hotmail.com,63
708,Crystal Rodriguez,crystalrodriguez@hotmail.com,846
709,Robin Decker,robindecker@yahoo.com,787
710,Nicholas Morris,nicholasmorris@gmail.com,652
711,Dr. Amber Simmons,dr.ambersimmons@outlook.com,748
712,Corey Underwood,coreyunderwood@hotmail.com,267
713,Dawn Pierce,dawnpierce@yahoo.com,977
714,Misty Sutton,mistysutton@outlook.com,739
715,Eugene Barnett,eugenebarnett@yahoo.com,611
716,Miguel Mayer,miguelmayer@hotmail.com,488
717,Brittney Evans,brittneyevans@outlook.com,803
718,Veronica Davis,veronicadavis@gmail.com,406
719,John Myers,johnmyers@hotmail.com,199
720,Charles Jackson,charlesjackson@gmail.com,224
721,Melanie Johnson,melaniejohnson@hotmail.com,483
722,Robert Stevens,,221
723,Grace Palmer,gracepalmer@outlook.com,691
724,Chase Mays,chasemays@gmail.com,35
725,Michelle Galloway,michellegalloway@yahoo.com,5
726,Amanda Jacobs,amandajacobs@yahoo.com,40
727,Natalie Ross,natalieross@outlook.com,411
728,James Hernandez,jameshernandez@yahoo.com,888
729,Paul Garcia,paulgarcia@outlook.com,399
730,Lawrence Rodgers,lawrencerodgers@outlook.com,870
731,Dorothy Baldwin,dorothybaldwin@hotmail.com,533
732,Stacy Smith,stacysmith@gmail.com,161
733,Charlotte Diaz,charlottediaz@outlook.com,705
734,Kathryn Adkins,kathrynadkins@gmail.com,38
735,Jennifer Chavez,jenniferchavez@gmail.com,169
736,Jamie Smith,jamiesmith@hotmail.com,476
737,Sara Norton,saranorton@outlook.com,19
738,Patricia Collins,patriciacollins@hotmail.com,620
739,Marissa Smith,marissasmith@outlook.com,19
740,Robert Harris,robertharris@gmail.com,249
741,Thomas Marshall,thomasmarshall@yahoo.com,965
742,Michael Ford,,136
743,Michael Oconnor,michaeloconnor@yahoo.com,404
744,Isaac Jones,isaacjones@hotmail.com,831
745,Richard Anderson,richardanderson@yahoo.com,119
746,Jeffrey Weaver,jeffreyweaver@yahoo.com,267
747,Laura Alvarado,lauraalvarado@outlook.com,338
748,Mary Campbell,marycampbell@gmail.com,193
749,Scott Johnson,scottjohnson@hotmail.com,550
750,Barbara Lynn,barbaralynn@hotmail.com,701
751,Phillip Davis,phillipdavis@outlook.com,425
752,Austin Jones,austinjones@gmail.com,242
753,Elizabeth Hernandez,elizabethhernandez@yahoo.com,495
754,Maria Evans,mariaevans@yahoo.com,425
755,Michael Santiago,michaelsantiago@hotmail.com,916
756,Denise Allen,,904
757,Sharon Aguirre,sharonaguirre@gmail.com,643
758,Yvonne Richardson,yvonnerichardson@outlook.com,916
759,Tyler Adams,tyleradams@hotmail.com,10
760,Richard Brady,richardbrady@gmail.com,585
761,Sylvia Lewis,sylvialewis@gmail.com,33
762,Leslie Lopez,leslielopez@outlook.com,794
763,Melissa Pittman,melissapittman@yahoo.com,256
764,Teresa Benjamin,teresabenjamin@gmail.com,827
765,Gary Reyes,,463
766,Virginia Sanders,virginiasanders@yahoo.com,551
767,Timothy Heath,timothyheath@yahoo.com,827
768,Angel Rodriguez,,410
769,Christopher Cox,christophercox@outlook.com,219
770,Brad Kline,bradkline@outlook.com,248
771,Samantha Lopez,samanthalopez@gmail.com,495
772,Julie Faulkner,juliefaulkner@outlook.com,744
773,Lindsey Gay,lindseygay@gmail.com,702
774,Gregory Hoffman,gregoryhoffman@outlook.com,122
775,Dawn Miller,dawnmiller@outlook.com,501
776,Victoria Landry,victorialandry@hotmail.com,131
777,Rachael Carlson,rachaelcarlson@yahoo.com,210
778,Mr. Adrian Edwards,mr.adrianedwards@hotmail.com,989
779,Tammy Duran,tammyduran@gmail.com,234
780,Kristen Reyes,kristenreyes@yahoo.com,379
781,Peter Bailey,peterbailey@yahoo.com,668
782,Michael Morgan,michaelmorgan@hotmail.com,381
783,Brian Marshall,brianmarshall@hotmail.com,83
784,Rebecca Cortez DVM,rebeccacortezdvm@outlook.com,456
785,Kathleen Williams,kathleenwilliams@gmail.com,402
786,Mary Martinez,marymartinez@gmail.com,236
787,Brittany Rosales,brittanyrosales@outlook.com,596
788,Victoria Grant,victoriagrant@outlook.com,23
789,Latasha Mendoza,,627
790,Ryan Mercer,ryanmercer@hotmail.com,762
791,Norman Grant,normangrant@gmail.com,180
792,Christine Smith,christinesmith@yahoo.com,546
793,John Joseph,johnjoseph@yahoo.com,704
794,Malik Lee,maliklee@outlook.com,825
795,Michael Francis,michaelfrancis@gmail.com,992
796,Daniel Holt,danielholt@hotmail.com,859
797,Tara Harris,taraharris@outlook.com,541
798,Melissa Lam,melissalam@gmail.com,134
799,Marissa Brooks,marissabrooks@yahoo.com,446
800,John Brown,johnbrown@outlook.com,87
801,Gary Taylor,garytaylor@outlook.com,209
802,Tiffany Douglas,tiffanydouglas@hotmail.com,245
803,Brianna Jones,briannajones@hotmail.com,841
804,Grant Robertson,grantrobertson@gmail.com,679
805,Eric Collier,ericcollier@gmail.com,847
806,Matthew Bentley,matthewbentley@yahoo.com,215
807,Shane Harmon,shaneharmon@yahoo.com,63
808,Megan Kaufman,megankaufman@outlook.com,117
809,Justin Jackson,justinjackson@outlook.com,99
810,Scott Parker,scottparker@hotmail.com,510
811,Walter Lawson,walterlawson@outlook.com,766
812,Heather Green,heathergreen@yahoo.com,445
813,Mrs. Chelsea Todd DDS,mrs.chelseatodddds@outlook.com,925
814,Kelly Lynn,kellylynn@hotmail.com,560
815,Brooke Mckinney,brookemckinney@outlook.com,961
816,Harold Collier,haroldcollier@outlook.com,811
817,Carolyn Frost,,91
818,Larry Bruce,larrybruce@gmail.com,726
819,Steven Mann,stevenmann@outlook.com,659
820,Joshua Bowers,joshuabowers@gmail.com,487
821,Joseph Jackson,josephjackson@yahoo.com,773
822,James Marquez,jamesmarquez@gmail.com,814
823,Lucas Scott,lucasscott@outlook.com,395
824,Jeremy West,jeremywest@gmail.com,105
825,Sean Logan,seanlogan@yahoo.com,197
826,Darryl Nielsen,darrylnielsen@gmail.com,11
827,Steven Lee,stevenlee@gmail.com,97
828,Amber Anderson,amberanderson@yahoo.com,278
829,Anna Walker,annawalker@yahoo.com,412
830,Richard James,richardjames@hotmail.com,74
831,Laura Donaldson,lauradonaldson@hotmail.com,848
832,Evelyn Santiago,evelynsantiago@outlook.com,284
833,Ricky Smith,rickysmith@yahoo.com,642
834,Mr. Marcus Perez,,818
835,Christopher Baker,christopherbaker@yahoo.com,583
836,Jacob Mendoza,jacobmendoza@hotmail.com,662
837,Brian Olson,brianolson@gmail.com,723
838,Sara Jones,sarajones@yahoo.com,183
839,Jason Turner,jasonturner@yahoo.com,972
840,Robert Santiago,robertsantiago@yahoo.com,11
841,Troy Clark,troyclark@gmail.com,671
842,Karen Green,karengreen@yahoo.com,11
843,Lauren Ryan,laurenryan@hotmail.com,101
844,Jasmine Walker,jasminewalker@yahoo.com,556
845,Daniel Trevino,danieltrevino@hotmail.com,799
846,Olivia Wolf,oliviawolf@hotmail.com,995
847,Catherine Davis,catherinedavis@outlook.com,813
848,Catherine Lopez,catherinelopez@hotmail.com,40
849,Sarah Williams,sarahwilliams@yahoo.com,47
850,Gregory Smith,gregorysmith@outlook.com,440
851,James Mccormick,jamesmccormick@gmail.com,352
852,Adam Valdez,adamvaldez@yahoo.com,56
853,Jeffrey Salazar,jeffreysalazar@yahoo.com,816
854,Hannah Mcgee,hannahmcgee@yahoo.com,94
855,Ryan Lyons,ryanlyons@outlook.com,568
856,Heather Hardy,heatherhardy@yahoo.com,637
857,Misty Williams,mistywilliams@hotmail.com,577
858,Theresa Collier,theresacollier@yahoo.com,345
859,Jaime Obrien,jaimeobrien@outlook.com,929
860,Brian Taylor,briantaylor@gmail.com,745
861,Tracy Tran,tracytran@yahoo.com,931
862,Todd Figueroa,toddfigueroa@yahoo.com,734
863,Laura Young,laurayoung@gmail.com,143
864,Teresa Hughes,teresahughes@outlook.com,478
865,Jason Cochran,jasoncochran@outlook.com,98
866,Evan Sellers,evansellers@gmail.com,652
867,Aaron Murphy,aaronmurphy@yahoo.com,457
868,Richard Obrien,richardobrien@outlook.com,373
869,Lauren Farmer,laurenfarmer@outlook.com,347
870,John Davis,johndavis@gmail.com,593
871,Jesus Bush,,12
872,Robert Snyder,robertsnyder@outlook.com,489
873,Tracey Williams,traceywilliams@yahoo.com,167
874,Janice Rogers,janicerogers@gmail.com,698
875,Sarah Lopez,sarahlopez@yahoo.com,975
876,Michele Banks,michelebanks@outlook.com,777
877,April Charles,aprilcharles@outlook.com,916
878,Rebecca Peterson,rebeccapeterson@gmail.com,378
879,Sarah May,,730
880,Destiny Nelson,destinynelson@yahoo.com,135
881,Haley Cox,haleycox@gmail.com,506
882,Joseph Gallegos,josephgallegos@hotmail.com,714
883,Traci Bennett,tracibennett@outlook.com,4
884,Jennifer Oliver,jenniferoliver@yahoo.com,730
885,Jason Hoffman,jasonhoffman@yahoo.com,141
886,Jose Miller,josemiller@outlook.com,240
887,Elizabeth Meyers,elizabethmeyers@yahoo.com,404
888,Karen Holder,karenholder@hotmail.com,135
889,Tammy Murray,tammymurray@hotmail.com,586
890,Joseph Hawkins,josephhawkins@hotmail.com,937
891,Brent Mitchell,brentmitchell@yahoo.com,0
892,Jeffrey Heath,jeffreyheath@outlook.com,839
893,Leon Davis,leondavis@gmail.com,86
894,Jennifer Hill,jenniferhill@yahoo.com,752
895,Nicole King,nicoleking@hotmail.com,853
896,Laura Valdez,lauravaldez@hotmail.com,954
897,Henry Wang,henrywang@yahoo.com,194
898,Stanley Pope,stanleypope@gmail.com,863
899,Stephanie Pierce,stephaniepierce@outlook.com,140
900,Martha Sherman,marthasherman@gmail.com,747
901,Lindsay Schmidt,lindsayschmidt@gmail.com,85
902,Kurt Campbell,kurtcampbell@hotmail.com,737
903,Erica Ramirez,ericaramirez@yahoo.com,305
904,Susan Rodriguez,susanrodriguez@outlook.com,13
905,Travis Arnold,travisarnold@hotmail.com,225
906,Pamela Gomez,pamelagomez@hotmail.com,967
907,Hannah Rice,hannahrice@hotmail.com,830
908,Anthony White,anthonywhite@yahoo.com,6
909,Angela Marquez,angelamarquez@hotmail.com,835
910,Anthony Peters,anthonypeters@yahoo.com,42
911,Leslie Hill,lesliehill@hotmail.com,369
912,Jordan Spence,jordanspence@yahoo.com,312
913,Alexis Thompson,alexisthompson@outlook.com,312
914,Nicholas Barnett,nicholasbarnett@gmail.com,541
915,Jeff Bates,jeffbates@gmail.com,646
916,Nathaniel Watkins,nathanielwatkins@yahoo.com,590
917,Mary Perez,,571
918,Tammy Hughes,tammyhughes@yahoo.com,953
919,John Harvey,johnharvey@yahoo.com,672
920,Wendy Chavez,,109
921,Sharon Harris,sharonharris@hotmail.com,503
922,Ashley Pierce,ashleypierce@yahoo.com,176
923,Christina Reynolds,christinareynolds@yahoo.com,985
924,Michele Banks,michelebanks@yahoo.com,801
925,Michael Wong,michaelwong@yahoo.com,388
926,Jordan Benton,jordanbenton@hotmail.com,641
927,Tyler Ryan,tylerryan@yahoo.com,666
928,Kevin Jones,,356
929,Meagan Phillips,meaganphillips@hotmail.com,354
930,Alyssa Sanders,alyssasanders@outlook.com,970
931,Justin Villarreal,justinvillarreal@gmail.com,233
932,Elizabeth Thompson,elizabeththompson@yahoo.com,654
933,Nathan Hill,nathanhill@gmail.com,569
934,Laura Torres,lauratorres@yahoo.com,900
935,Hailey Rhodes,haileyrhodes@outlook.com,814
936,Jeffrey Dunn,jeffreydunn@gmail.com,298
937,Kaitlyn Chang,kaitlynchang@outlook.com,489
938,Joseph Robinson,josephrobinson@yahoo.com,516
939,Shirley Cooper,shirleycooper@yahoo.com,633
940,Erica Gonzalez,ericagonzalez@outlook.com,541
941,Timothy Gray,timothygray@hotmail.com,241
942,Ashley Williams,ashleywilliams@outlook.com,703
943,Michael Mitchell,michaelmitchell@gmail.com,993
944,Frank Castillo IV,frankcastilloiv@yahoo.com,647
945,Jamie Kline,jamiekline@yahoo.com,891
946,Jennifer Wilson MD,jenniferwilsonmd@hotmail.com,172
947,Carla Martinez,carlamartinez@hotmail.com,505
948,Veronica Stephens,veronicastephens@gmail.com,576
949,Lauren Ford,laurenford@outlook.com,30
950,Sarah Vargas,sarahvargas@hotmail.com,864
951,Joseph Baker,josephbaker@hotmail.com,757
952,Laura Cox,,319
953,Mrs. Toni Sullivan,mrs.tonisullivan@gmail.com,596
954,James Sims,jamessims@yahoo.com,937
955,Joshua Osborne,joshuaosborne@hotmail.com,640
956,Michael Simmons,michaelsimmons@yahoo.com,461
957,Pamela Carrillo,pamelacarrillo@outlook.com,208
958,Amanda Williams,amandawilliams@outlook.com,231
959,Ronald Ortiz,ronaldortiz@hotmail.com,841
960,Gary Cook,garycook@gmail.com,803
961,Phillip Bennett,phillipbennett@outlook.com,407
962,Nicole Roberts,nicoleroberts@gmail.com,22
963,Suzanne Jackson,suzannejackson@yahoo.com,240
964,Andrea Mcdonald,andreamcdonald@outlook.com,328
965,Brittney Campos,brittneycampos@yahoo.com,553
966,Victoria Taylor,victoriataylor@outlook.com,105
967,Chris Walker,chriswalker@yahoo.com,623
968,Mathew James,mathewjames@outlook.com,495
969,Sharon Johnson,sharonjohnson@gmail.com,89
970,Jacob Reid,jacobreid@outlook.com,455
971,Thomas Walker,thomaswalker@hotmail.com,521
972,Megan Hernandez,meganhernandez@yahoo.com,855
973,Adam King,adamking@outlook.com,714
974,Christopher Olsen,christopherolsen@hotmail.com,577
975,Emily Garza,emilygarza@hotmail.com,154
976,Amber Hayes,amberhayes@yahoo.com,603
977,Renee Knight,reneeknight@gmail.com,465
978,Dustin Harvey,dustinharvey@outlook.com,5
979,Stacey Williams,staceywilliams@yahoo.com,619
980,Kathy Brown,kathybrown@outlook.com,641
981,Tanner Brown,tannerbrown@hotmail.com,759
982,Frank Long,franklong@hotmail.com,642
983,Danielle Acosta,danielleacosta@yahoo.com,414
984,Kevin Vincent,kevinvincent@hotmail.com,493
985,Anthony Griffith,anthonygriffith@outlook.com,141
986,Anna Walters,annawalters@yahoo.com,318
987,Justin Nielsen,justinnielsen@hotmail.com,10
988,Jennifer Park,jenniferpark@yahoo.com,980
989,Jonathan Garcia,jonathangarcia@yahoo.com,923
990,Karen Potter,karenpotter@yahoo.com,671
991,Stephanie Schneider,stephanieschneider@yahoo.com,896
992,Kathy Robinson,kathyrobinson@hotmail.com,335
993,Ryan Moore,ryanmoore@hotmail.com,29
994,Chase Colon,chasecolon@gmail.com,69
995,Nathan Taylor,nathantaylor@outlook.com,77
996,Anna Thomas,annathomas@yahoo.com,924
997,Martin Little,martinlittle@gmail.com,645
998,Michael Huffman,michaelhuffman@gmail.com,175
999,Jesse Matthews,jessematthews@yahoo.com,824
1000,Chase Bell,chasebell@hotmail.com,281
360,Tracey Lopez,traceylopez@hotmail.com,934
43,Kenneth Moody,kennethmoody@outlook.com,166
646,Kurt Carter,kurtcarter@hotmail.com,910
190,William Simmons,williamsimmons@hotmail.com,892
802,Tiffany Douglas,tiffanydouglas@hotmail.com,245
764,Teresa Benjamin,teresabenjamin@gmail.com,827
815,Brooke Mckinney,brookemckinney@outlook.com,961
427,Penny Nelson,pennynelson@gmail.com,3
846,Olivia Wolf,oliviawolf@hotmail.com,995
884,Jennifer Oliver,jenniferoliver@yahoo.com,730
689,Sarah Khan,sarahkhan@gmail.com,400
300,Megan Todd,,966
550,Yolanda Schneider,yolandaschneider@outlook.com,93
509,Kelly Hall,kellyhall@hotmail.com,236
880,Destiny Nelson,destinynelson@yahoo.com,135
481,Audrey Herrera,audreyherrera@yahoo.com,818
596,David Haynes,davidhaynes@hotmail.com,240
663,Molly Lopez,mollylopez@hotmail.com,343
774,Gregory Hoffman,gregoryhoffman@outlook.com,122
196,Kristi Warren,kristiwarren@yahoo.com,387
98,Jean Riggs,jeanriggs@hotmail.com,712
229,Regina Nguyen,reginanguyen@gmail.com,567
750,Barbara Lynn,barbaralynn@hotmail.com,701
44,Joe Brown,joebrown@yahoo.com,977
922,Ashley Pierce,ashleypierce@yahoo.com,176
264,Justin Williamson,justinwilliamson@yahoo.com,671
544,David Rodriguez,davidrodriguez@gmail.com,587
179,Samantha Walsh,samanthawalsh@hotmail.com,191
825,Sean Logan,seanlogan@yahoo.com,197
779,Tammy Duran,tammyduran@gmail.com,234
236,Brandon Adams,brandonadams@gmail.com,526
746,Jeffrey Weaver,jeffreyweaver@yahoo.com,267
634,Jenna Padilla,jennapadilla@outlook.com,51
234,Paige Aguilar,paigeaguilar@hotmail.com,624
367,Phillip Avila,phillipavila@gmail.com,523
730,Lawrence Rodgers,lawrencerodgers@outlook.com,870
342,Rhonda Lee,rhondalee@gmail.com,4
188,Timothy Walls,timothywalls@gmail.com,615
860,Brian Taylor,briantaylor@gmail.com,745
129,Isaac Gill,isaacgill@hotmail.com,606
22,Matthew Rice,matthewrice@gmail.com,236
956,Michael Simmons,michaelsimmons@yahoo.com,461
701,Victoria Cobb,victoriacobb@hotmail.com,639
673,Ronald Green,ronaldgreen@gmail.com,167
223,Jodi Monroe,,975
424,Mrs. Ashley Long MD,mrs.ashleylongmd@hotmail.com,2
223,Jodi Monroe,,975
45,Ellen Parker,ellenparker@yahoo.com,681
151,Erik Schmidt,erikschmidt@gmail.com,239
53,Amanda Adams,amandaadams@yahoo.com,28
